node,site,latitude,longitude
1,at1.at,16.3729,48.2091
2,be1.be,4.3518,50.8469
3,ch1.ch,6.1399,46.2038
4,cz1.cz,14.4423,50.0785
5,de1.de,8.6842,50.1122
6,es1.es,-3.7033,40.4167
7,fr1.fr,2.351,48.8566
8,gr1.gr,23.5808,37.9778
9,hr1.hr,15.9644,45.8071
10,hu1.hu,19.0936,47.4976
11,ie1.ie,-6.2573,53.3416
12,il1.il,34.8097,32.0714
13,it1.it,9.19,45.4642
14,lu1.lu,6.1296,49.6112
15,nl1.nl,4.9407,52.3236
16,ny1.ny,-73.94384,40.6698
17,pl1.pl,16.8874,52.3963
18,pt1.pt,-9.1363,38.7073
19,se1.se,17.8742,59.3617
20,si1.si,14.5148,46.0574
21,sk1.sk,17.1297,48.1531
22,uk1.uk,-0.1264,51.5086
