orig,dest,demand
at1.at,be1.be,20.960655
at1.at,ch1.ch,53.795667
at1.at,de1.de,10.192817
at1.at,es1.es,0.007704
at1.at,gr1.gr,38.294562
at1.at,hr1.hr,174.510929
at1.at,hu1.hu,657.735229
at1.at,ie1.ie,0.010796
at1.at,il1.il,99.693652
at1.at,it1.it,14.509973
at1.at,nl1.nl,11.940204
at1.at,ny1.ny,1.310920
at1.at,pl1.pl,0.002924
at1.at,pt1.pt,0.008097
at1.at,se1.se,373.672633
at1.at,si1.si,878.017398
at1.at,uk1.uk,13.904081
be1.be,at1.at,9.519504
be1.be,ch1.ch,152.690216
be1.be,cz1.cz,0.094131
be1.be,de1.de,3.123703
be1.be,es1.es,1.278193
be1.be,fr1.fr,2.859641
be1.be,gr1.gr,0.006523
be1.be,hr1.hr,0.005848
be1.be,hu1.hu,1.232814
be1.be,il1.il,0.023842
be1.be,nl1.nl,4.083234
be1.be,ny1.ny,0.481677
be1.be,pl1.pl,0.022099
be1.be,se1.se,215.824885
be1.be,sk1.sk,0.087271
be1.be,uk1.uk,0.528124
ch1.ch,at1.at,123.753381
ch1.ch,be1.be,31.598430
ch1.ch,cz1.cz,0.823451
ch1.ch,de1.de,119.763660
ch1.ch,es1.es,19.404286
ch1.ch,fr1.fr,16.186452
ch1.ch,gr1.gr,7.040267
ch1.ch,hr1.hr,0.628103
ch1.ch,hu1.hu,11.827066
ch1.ch,ie1.ie,5.021059
ch1.ch,il1.il,0.290434
ch1.ch,it1.it,55.636172
ch1.ch,nl1.nl,193.373201
ch1.ch,ny1.ny,1.869690
ch1.ch,pl1.pl,0.084347
ch1.ch,pt1.pt,82.911936
ch1.ch,se1.se,194.777071
ch1.ch,si1.si,0.689170
ch1.ch,sk1.sk,1.050119
ch1.ch,uk1.uk,57.201595
cz1.cz,at1.at,44.146887
cz1.cz,be1.be,0.268223
cz1.cz,ch1.ch,0.411725
cz1.cz,de1.de,13.408233
cz1.cz,es1.es,0.277951
cz1.cz,fr1.fr,0.101441
cz1.cz,gr1.gr,0.002137
cz1.cz,hr1.hr,0.004499
cz1.cz,hu1.hu,0.717792
cz1.cz,il1.il,0.087833
cz1.cz,nl1.nl,7.741809
cz1.cz,ny1.ny,0.923992
cz1.cz,pl1.pl,0.084347
cz1.cz,pt1.pt,0.240895
cz1.cz,se1.se,0.441528
cz1.cz,si1.si,1.904722
cz1.cz,uk1.uk,0.262375
de1.de,at1.at,420.290997
de1.de,be1.be,28.747224
de1.de,ch1.ch,57.098017
de1.de,cz1.cz,85.573418
de1.de,es1.es,68.829996
de1.de,fr1.fr,5.435427
de1.de,gr1.gr,30.244269
de1.de,hr1.hr,1.485349
de1.de,hu1.hu,22.059864
de1.de,ie1.ie,22.747741
de1.de,il1.il,37.245736
de1.de,it1.it,25.979183
de1.de,nl1.nl,52.433858
de1.de,ny1.ny,9.632191
de1.de,pl1.pl,25.592312
de1.de,pt1.pt,59.811625
de1.de,se1.se,284.665565
de1.de,si1.si,510.142209
de1.de,sk1.sk,0.538189
de1.de,uk1.uk,119.229013
es1.es,at1.at,56.258596
es1.es,be1.be,2.352041
es1.es,ch1.ch,73.887099
es1.es,cz1.cz,0.200296
es1.es,de1.de,79.356489
es1.es,fr1.fr,2.387861
es1.es,gr1.gr,2.908956
es1.es,hr1.hr,0.016251
es1.es,hu1.hu,10.010347
es1.es,ie1.ie,0.034638
es1.es,il1.il,0.736348
es1.es,it1.it,9.264551
es1.es,nl1.nl,6.322306
es1.es,ny1.ny,1.310132
es1.es,pl1.pl,1.904047
es1.es,pt1.pt,3.008598
es1.es,se1.se,1.946052
es1.es,si1.si,0.168694
es1.es,sk1.sk,0.055444
es1.es,uk1.uk,23.597564
fr1.fr,at1.at,0.697549
fr1.fr,be1.be,1.009689
fr1.fr,ch1.ch,2.490652
fr1.fr,cz1.cz,0.107458
fr1.fr,de1.de,6.826926
fr1.fr,es1.es,10.354538
fr1.fr,gr1.gr,1.073455
fr1.fr,hr1.hr,0.013158
fr1.fr,hu1.hu,0.135180
fr1.fr,ie1.ie,0.020918
fr1.fr,il1.il,25.602153
fr1.fr,it1.it,0.171899
fr1.fr,nl1.nl,181.915912
fr1.fr,ny1.ny,3.421223
fr1.fr,pl1.pl,1.635374
fr1.fr,pt1.pt,0.021368
fr1.fr,se1.se,14.993899
fr1.fr,si1.si,0.004049
fr1.fr,sk1.sk,0.020243
fr1.fr,uk1.uk,2.649955
gr1.gr,at1.at,36.985667
gr1.gr,be1.be,0.148169
gr1.gr,ch1.ch,112.492563
gr1.gr,cz1.cz,0.388558
gr1.gr,de1.de,2065.716358
gr1.gr,es1.es,1.931488
gr1.gr,hr1.hr,0.724877
gr1.gr,hu1.hu,150.439110
gr1.gr,ie1.ie,0.198665
gr1.gr,il1.il,0.189050
gr1.gr,it1.it,0.572547
gr1.gr,nl1.nl,4.670175
gr1.gr,ny1.ny,0.945979
gr1.gr,pl1.pl,0.988321
gr1.gr,pt1.pt,0.265355
gr1.gr,se1.se,96.120886
gr1.gr,si1.si,1.966857
gr1.gr,sk1.sk,0.055894
gr1.gr,uk1.uk,10.858483
hr1.hr,at1.at,988.029488
hr1.hr,be1.be,0.011809
hr1.hr,ch1.ch,7.804000
hr1.hr,de1.de,116.142479
hr1.hr,es1.es,0.017825
hr1.hr,gr1.gr,0.075744
hr1.hr,hu1.hu,200.505069
hr1.hr,il1.il,0.165095
hr1.hr,it1.it,1.907140
hr1.hr,nl1.nl,0.442821
hr1.hr,ny1.ny,0.097280
hr1.hr,pl1.pl,0.002924
hr1.hr,pt1.pt,0.014845
hr1.hr,se1.se,18.272800
hr1.hr,si1.si,2.384937
hr1.hr,uk1.uk,0.248486
hu1.hu,at1.at,2446.005668
hu1.hu,be1.be,0.184945
hu1.hu,ch1.ch,31.246816
hu1.hu,de1.de,254.000630
hu1.hu,es1.es,0.088227
hu1.hu,gr1.gr,0.765757
hu1.hu,hr1.hr,209.903620
hu1.hu,ie1.ie,0.020693
hu1.hu,il1.il,0.221776
hu1.hu,it1.it,2.609637
hu1.hu,nl1.nl,16.706253
hu1.hu,ny1.ny,4.841681
hu1.hu,pl1.pl,1.061759
hu1.hu,pt1.pt,0.007423
hu1.hu,se1.se,112.998251
hu1.hu,si1.si,1.443119
hu1.hu,sk1.sk,0.180840
hu1.hu,uk1.uk,1.007327
ie1.ie,be1.be,0.085472
ie1.ie,ch1.ch,1.351406
ie1.ie,cz1.cz,0.009840
ie1.ie,de1.de,4.450424
ie1.ie,es1.es,0.271147
ie1.ie,fr1.fr,0.337950
ie1.ie,gr1.gr,0.338400
ie1.ie,il1.il,0.002924
ie1.ie,nl1.nl,0.855952
ie1.ie,ny1.ny,1.951113
ie1.ie,pl1.pl,1.313113
ie1.ie,pt1.pt,0.002699
ie1.ie,se1.se,5.421088
ie1.ie,si1.si,0.168694
ie1.ie,uk1.uk,1.951113
il1.il,at1.at,18.382226
il1.il,be1.be,0.436467
il1.il,ch1.ch,4.556588
il1.il,de1.de,113.039637
il1.il,es1.es,0.409870
il1.il,fr1.fr,0.698786
il1.il,gr1.gr,0.079848
il1.il,hr1.hr,0.002024
il1.il,hu1.hu,7.486800
il1.il,ie1.ie,0.002924
il1.il,it1.it,5.550251
il1.il,nl1.nl,3.263888
il1.il,ny1.ny,0.456092
il1.il,se1.se,2.104343
il1.il,sk1.sk,0.008772
il1.il,uk1.uk,1.357310
it1.it,at1.at,30.369271
it1.it,be1.be,5.553175
it1.it,ch1.ch,19.113739
it1.it,cz1.cz,0.298869
it1.it,de1.de,248.121370
it1.it,es1.es,3.685735
it1.it,fr1.fr,1.643640
it1.it,gr1.gr,3.480209
it1.it,hr1.hr,0.006523
it1.it,hu1.hu,10.370901
it1.it,ie1.ie,0.033851
it1.it,il1.il,1.062827
it1.it,nl1.nl,15.655179
it1.it,ny1.ny,2.859529
it1.it,pl1.pl,0.011921
it1.it,pt1.pt,0.016701
it1.it,se1.se,115.976709
it1.it,si1.si,0.151937
it1.it,sk1.sk,0.029803
it1.it,uk1.uk,26.888780
lu1.lu,at1.at,0.278064
lu1.lu,be1.be,0.002980
lu1.lu,ch1.ch,5.036803
lu1.lu,cz1.cz,0.007198
lu1.lu,de1.de,69.743754
lu1.lu,es1.es,0.004442
lu1.lu,fr1.fr,0.003149
lu1.lu,hu1.hu,3.612747
lu1.lu,it1.it,0.003486
lu1.lu,nl1.nl,0.110101
lu1.lu,ny1.ny,0.013496
lu1.lu,pl1.pl,0.007704
lu1.lu,pt1.pt,0.005005
lu1.lu,se1.se,1.380534
lu1.lu,sk1.sk,0.002924
lu1.lu,uk1.uk,1.308052
nl1.nl,at1.at,0.768007
nl1.nl,be1.be,11.278137
nl1.nl,ch1.ch,193.802471
nl1.nl,cz1.cz,12.742455
nl1.nl,de1.de,12.917391
nl1.nl,es1.es,2.082469
nl1.nl,fr1.fr,1.057598
nl1.nl,gr1.gr,3.720711
nl1.nl,hr1.hr,0.355269
nl1.nl,hu1.hu,2.192851
nl1.nl,ie1.ie,0.127589
nl1.nl,il1.il,0.954132
nl1.nl,it1.it,0.146089
nl1.nl,ny1.ny,0.011190
nl1.nl,pl1.pl,4.959767
nl1.nl,pt1.pt,10.260744
nl1.nl,se1.se,34.318730
nl1.nl,si1.si,127.675793
nl1.nl,sk1.sk,0.060111
nl1.nl,uk1.uk,11.988113
ny1.ny,at1.at,418.564753
ny1.ny,be1.be,17.441534
ny1.ny,ch1.ch,98.008851
ny1.ny,de1.de,193.640187
ny1.ny,es1.es,20.480777
ny1.ny,fr1.fr,0.397668
ny1.ny,gr1.gr,1.451891
ny1.ny,hr1.hr,2.405517
ny1.ny,hu1.hu,113.826706
ny1.ny,ie1.ie,0.509849
ny1.ny,il1.il,16.637651
ny1.ny,it1.it,0.036944
ny1.ny,nl1.nl,0.020918
ny1.ny,pl1.pl,5.989642
ny1.ny,pt1.pt,3.268724
ny1.ny,se1.se,48.602709
ny1.ny,si1.si,15.237718
ny1.ny,sk1.sk,9.695451
ny1.ny,uk1.uk,746.313422
pl1.pl,at1.at,8.180412
pl1.pl,be1.be,0.061742
pl1.pl,ch1.ch,0.777341
pl1.pl,de1.de,11.030382
pl1.pl,es1.es,1.267565
pl1.pl,fr1.fr,0.642498
pl1.pl,gr1.gr,0.112125
pl1.pl,hr1.hr,0.288579
pl1.pl,hu1.hu,4.101509
pl1.pl,ie1.ie,0.678037
pl1.pl,il1.il,0.935745
pl1.pl,it1.it,0.002924
pl1.pl,nl1.nl,36.060325
pl1.pl,ny1.ny,3.654245
pl1.pl,pt1.pt,0.676012
pl1.pl,se1.se,27.571596
pl1.pl,si1.si,8.407306
pl1.pl,uk1.uk,7.581043
pt1.pt,at1.at,0.464133
pt1.pt,be1.be,0.007647
pt1.pt,ch1.ch,61.246310
pt1.pt,cz1.cz,7.938337
pt1.pt,de1.de,27.105889
pt1.pt,es1.es,0.657850
pt1.pt,fr1.fr,0.622143
pt1.pt,gr1.gr,0.084347
pt1.pt,hr1.hr,0.012033
pt1.pt,hu1.hu,37.636825
pt1.pt,ie1.ie,0.018388
pt1.pt,it1.it,7.022836
pt1.pt,nl1.nl,1.437215
pt1.pt,ny1.ny,0.090195
pt1.pt,pl1.pl,0.355663
pt1.pt,se1.se,587.122252
pt1.pt,si1.si,0.598975
pt1.pt,sk1.sk,0.017263
pt1.pt,uk1.uk,15.087299
se1.se,at1.at,48.371374
se1.se,be1.be,43.942037
se1.se,ch1.ch,148.037754
se1.se,cz1.cz,2.791770
se1.se,de1.de,163.258827
se1.se,es1.es,5.956128
se1.se,fr1.fr,1.405163
se1.se,gr1.gr,0.359486
se1.se,hr1.hr,0.229705
se1.se,hu1.hu,198.208359
se1.se,ie1.ie,9.201853
se1.se,il1.il,3.287336
se1.se,it1.it,0.311128
se1.se,nl1.nl,100.470993
se1.se,ny1.ny,18.064182
se1.se,pl1.pl,3.500790
se1.se,pt1.pt,201.629132
se1.se,si1.si,7.798546
se1.se,sk1.sk,0.131075
se1.se,uk1.uk,10.504226
si1.si,at1.at,1523.637882
si1.si,ch1.ch,140.159416
si1.si,de1.de,154.883798
si1.si,es1.es,0.141084
si1.si,gr1.gr,0.005623
si1.si,hr1.hr,0.271709
si1.si,hu1.hu,271.330544
si1.si,it1.it,1.814246
si1.si,nl1.nl,9.733295
si1.si,ny1.ny,0.622930
si1.si,pl1.pl,0.354369
si1.si,pt1.pt,0.023055
si1.si,se1.se,86.816298
si1.si,sk1.sk,21.515658
si1.si,uk1.uk,5.876899
sk1.sk,at1.at,2.775688
sk1.sk,be1.be,0.084347
sk1.sk,ch1.ch,0.310059
sk1.sk,de1.de,4.991425
sk1.sk,gr1.gr,0.196472
sk1.sk,hu1.hu,2.450615
sk1.sk,il1.il,0.084347
sk1.sk,nl1.nl,0.633783
sk1.sk,ny1.ny,0.014958
sk1.sk,pt1.pt,0.857864
sk1.sk,se1.se,0.108470
sk1.sk,si1.si,0.947722
sk1.sk,uk1.uk,0.060786
uk1.uk,at1.at,0.728307
uk1.uk,be1.be,6.516360
uk1.uk,ch1.ch,137.982816
uk1.uk,cz1.cz,1.626265
uk1.uk,de1.de,82.544746
uk1.uk,es1.es,4.593926
uk1.uk,fr1.fr,37.927484
uk1.uk,gr1.gr,22.507465
uk1.uk,hr1.hr,0.079736
uk1.uk,hu1.hu,2.510501
uk1.uk,ie1.ie,0.037562
uk1.uk,il1.il,1.155946
uk1.uk,it1.it,0.428201
uk1.uk,lu1.lu,0.004274
uk1.uk,nl1.nl,298.273194
uk1.uk,ny1.ny,6.913241
uk1.uk,pl1.pl,1.360234
uk1.uk,pt1.pt,113.473293
uk1.uk,se1.se,498.067106
uk1.uk,si1.si,0.732862
uk1.uk,sk1.sk,0.008210
