index;nodeA;nodeB;cost;capa
1;1;8;5;200.0
2;1;19;10;250.0
3;1;14;3;250.0
4;1;15;7;250.0
5;2;26;8;300.0
6;2;36;2;250.0
7;2;31;10;200.0
8;3;30;4;200.0
9;3;21;7;200.0
10;3;22;3;200.0
11;4;9;9;100.0
12;4;36;1;250.0
13;4;31;3;200.0
14;5;24;9;150.0
15;5;10;8;100.0
16;5;35;2;250.0
17;5;28;4;200.0
18;5;15;5;200.0
19;6;19;9;50.0
20;6;14;3;50.0
21;7;27;3;50.0
22;7;21;6;250.0
23;7;22;9;250.0
24;8;27;3;300.0
25;8;12;8;150.0
26;9;17;5;300.0
27;9;28;2;150.0
28;10;32;5;50.0
29;10;25;7;250.0
30;11;19;8;100.0
31;11;14;6;200.0
32;12;13;8;250.0
33;13;24;2;200.0
34;13;33;9;300.0
35;13;15;8;100.0
36;16;32;3;250.0
37;16;25;8;150.0
38;16;35;5;300.0
39;17;35;2;150.0
40;18;19;9;50.0
41;18;21;3;200.0
42;18;30;6;300.0
43;19;27;4;150.0
44;20;27;1;200.0
45;20;37;4;100.0
46;20;22;1;200.0
47;22;29;9;250.0
48;23;24;4;200.0
49;23;29;4;150.0
50;23;37;10;250.0
51;24;34;10;250.0
52;26;29;6;100.0
53;27;33;8;100.0
54;28;34;10;200.0
55;29;36;1;150.0
56;33;37;8;200.0
57;34;36;4;50.0
