nodeA,nodeB,capa
Berlin,Hamburg,6500
Berlin,Hannover,5500
Berlin,Leipzig,5000
Bremen,Hamburg,6000
Bremen,Hannover,4500
Bremen,Norden,5000
Dortmund,Essen,5000
Dortmund,Hannover,4500
Dortmund,Koeln,5500
Dortmund,Norden,6500
Duesseldorf,Essen,4500
Duesseldorf,Koeln,5500
Frankfurt,Hannover,6500
Frankfurt,Koeln,4500
Frankfurt,Leipzig,4500
Frankfurt,Mannheim,4500
Frankfurt,Nuernberg,6500
Hamburg,Hannover,5500
Hannover,Leipzig,6500
Karlsruhe,Mannheim,4500
Karlsruhe,Stuttgart,6000
Leipzig,Nuernberg,6500
Muenchen,Nuernberg,6000
Muenchen,Ulm,4500
Nuernberg,Stuttgart,5000
Stuttgart,Ulm,6500
